Method;Job;AnalyzeLaunchVariance;EvaluateOverhead;MaxAbsoluteError;MaxRelativeError;MinInvokeCount;MinIterationTime;OutlierMode;Affinity;EnvironmentVariables;Jit;LargeAddressAware;Platform;PowerPlanMode;Runtime;AllowVeryLargeObjects;Concurrent;CpuGroups;Force;HeapAffinitizeMask;HeapCount;NoAffinitize;RetainVm;Server;Arguments;BuildConfiguration;Clock;EngineFactory;NuGetReferences;Toolchain;IsMutator;InvocationCount;IterationCount;IterationTime;LaunchCount;MaxIterationCount;MaxWarmupIterationCount;MemoryRandomization;MinIterationCount;MinWarmupIterationCount;RunStrategy;UnrollFactor;WarmupCount;Length;Mean;Error;StdDev;Ratio;RatioSD;Gen0;Gen1;Gen2;Allocated;Alloc Ratio
SliceArray;Job-CPAQVT;False;Default;Default;Default;Default;Default;Default;11111111;Empty;RyuJit;Default;X64;8c5e7fda-e8bf-4a96-9a85-a6e23a8c635c;.NET 8.0;False;True;False;True;Default;Default;False;False;False;Default;Default;Default;Default;Default;Default;Default;Default;25;Default;Default;Default;Default;Default;Default;Default;Default;16;Default;10;20.718 ns;0.1661 ns;0.2160 ns;baseline;;0.0306;0.0000;0.0000;64 B;
SliceSpan;Job-CPAQVT;False;Default;Default;Default;Default;Default;Default;11111111;Empty;RyuJit;Default;X64;8c5e7fda-e8bf-4a96-9a85-a6e23a8c635c;.NET 8.0;False;True;False;True;Default;Default;False;False;False;Default;Default;Default;Default;Default;Default;Default;Default;25;Default;Default;Default;Default;Default;Default;Default;Default;16;Default;10;2.714 ns;0.0790 ns;0.1028 ns;-87%;3.8%;0.0000;0.0000;0.0000;0 B;-100%
SliceArray;Job-CPAQVT;False;Default;Default;Default;Default;Default;Default;11111111;Empty;RyuJit;Default;X64;8c5e7fda-e8bf-4a96-9a85-a6e23a8c635c;.NET 8.0;False;True;False;True;Default;Default;False;False;False;Default;Default;Default;Default;Default;Default;Default;Default;25;Default;Default;Default;Default;Default;Default;Default;Default;16;Default;20;27.067 ns;0.3056 ns;0.4079 ns;baseline;;0.0497;0.0000;0.0000;104 B;
SliceSpan;Job-CPAQVT;False;Default;Default;Default;Default;Default;Default;11111111;Empty;RyuJit;Default;X64;8c5e7fda-e8bf-4a96-9a85-a6e23a8c635c;.NET 8.0;False;True;False;True;Default;Default;False;False;False;Default;Default;Default;Default;Default;Default;Default;Default;25;Default;Default;Default;Default;Default;Default;Default;Default;16;Default;20;5.893 ns;0.0676 ns;0.0855 ns;-78%;2.0%;0.0000;0.0000;0.0000;0 B;-100%
SliceArray;Job-CPAQVT;False;Default;Default;Default;Default;Default;Default;11111111;Empty;RyuJit;Default;X64;8c5e7fda-e8bf-4a96-9a85-a6e23a8c635c;.NET 8.0;False;True;False;True;Default;Default;False;False;False;Default;Default;Default;Default;Default;Default;Default;Default;25;Default;Default;Default;Default;Default;Default;Default;Default;16;Default;30;32.887 ns;0.1652 ns;0.2148 ns;baseline;;0.0688;0.0000;0.0000;144 B;
SliceSpan;Job-CPAQVT;False;Default;Default;Default;Default;Default;Default;11111111;Empty;RyuJit;Default;X64;8c5e7fda-e8bf-4a96-9a85-a6e23a8c635c;.NET 8.0;False;True;False;True;Default;Default;False;False;False;Default;Default;Default;Default;Default;Default;Default;Default;25;Default;Default;Default;Default;Default;Default;Default;Default;16;Default;30;7.797 ns;0.0910 ns;0.1150 ns;-76%;1.6%;0.0000;0.0000;0.0000;0 B;-100%
SliceArray;Job-CPAQVT;False;Default;Default;Default;Default;Default;Default;11111111;Empty;RyuJit;Default;X64;8c5e7fda-e8bf-4a96-9a85-a6e23a8c635c;.NET 8.0;False;True;False;True;Default;Default;False;False;False;Default;Default;Default;Default;Default;Default;Default;Default;25;Default;Default;Default;Default;Default;Default;Default;Default;16;Default;40;38.249 ns;0.2370 ns;0.2997 ns;baseline;;0.0880;0.0000;0.0000;184 B;
SliceSpan;Job-CPAQVT;False;Default;Default;Default;Default;Default;Default;11111111;Empty;RyuJit;Default;X64;8c5e7fda-e8bf-4a96-9a85-a6e23a8c635c;.NET 8.0;False;True;False;True;Default;Default;False;False;False;Default;Default;Default;Default;Default;Default;Default;Default;25;Default;Default;Default;Default;Default;Default;Default;Default;16;Default;40;10.446 ns;0.1585 ns;0.2116 ns;-73%;2.1%;0.0000;0.0000;0.0000;0 B;-100%
SliceArray;Job-CPAQVT;False;Default;Default;Default;Default;Default;Default;11111111;Empty;RyuJit;Default;X64;8c5e7fda-e8bf-4a96-9a85-a6e23a8c635c;.NET 8.0;False;True;False;True;Default;Default;False;False;False;Default;Default;Default;Default;Default;Default;Default;Default;25;Default;Default;Default;Default;Default;Default;Default;Default;16;Default;50;43.907 ns;0.3335 ns;0.4337 ns;baseline;;0.1071;0.0000;0.0000;224 B;
SliceSpan;Job-CPAQVT;False;Default;Default;Default;Default;Default;Default;11111111;Empty;RyuJit;Default;X64;8c5e7fda-e8bf-4a96-9a85-a6e23a8c635c;.NET 8.0;False;True;False;True;Default;Default;False;False;False;Default;Default;Default;Default;Default;Default;Default;Default;25;Default;Default;Default;Default;Default;Default;Default;Default;16;Default;50;12.300 ns;0.1867 ns;0.2428 ns;-72%;2.2%;0.0000;0.0000;0.0000;0 B;-100%
SliceArray;Job-CPAQVT;False;Default;Default;Default;Default;Default;Default;11111111;Empty;RyuJit;Default;X64;8c5e7fda-e8bf-4a96-9a85-a6e23a8c635c;.NET 8.0;False;True;False;True;Default;Default;False;False;False;Default;Default;Default;Default;Default;Default;Default;Default;25;Default;Default;Default;Default;Default;Default;Default;Default;16;Default;60;55.767 ns;0.4357 ns;0.5351 ns;baseline;;0.1262;0.0000;0.0000;264 B;
SliceSpan;Job-CPAQVT;False;Default;Default;Default;Default;Default;Default;11111111;Empty;RyuJit;Default;X64;8c5e7fda-e8bf-4a96-9a85-a6e23a8c635c;.NET 8.0;False;True;False;True;Default;Default;False;False;False;Default;Default;Default;Default;Default;Default;Default;Default;25;Default;Default;Default;Default;Default;Default;Default;Default;16;Default;60;14.836 ns;0.1336 ns;0.1538 ns;-73%;1.4%;0.0000;0.0000;0.0000;0 B;-100%
SliceArray;Job-CPAQVT;False;Default;Default;Default;Default;Default;Default;11111111;Empty;RyuJit;Default;X64;8c5e7fda-e8bf-4a96-9a85-a6e23a8c635c;.NET 8.0;False;True;False;True;Default;Default;False;False;False;Default;Default;Default;Default;Default;Default;Default;Default;25;Default;Default;Default;Default;Default;Default;Default;Default;16;Default;70;57.790 ns;0.2233 ns;0.2824 ns;baseline;;0.1453;0.0000;0.0000;304 B;
SliceSpan;Job-CPAQVT;False;Default;Default;Default;Default;Default;Default;11111111;Empty;RyuJit;Default;X64;8c5e7fda-e8bf-4a96-9a85-a6e23a8c635c;.NET 8.0;False;True;False;True;Default;Default;False;False;False;Default;Default;Default;Default;Default;Default;Default;Default;25;Default;Default;Default;Default;Default;Default;Default;Default;16;Default;70;22.042 ns;0.2172 ns;0.2746 ns;-62%;1.3%;0.0000;0.0000;0.0000;0 B;-100%
SliceArray;Job-CPAQVT;False;Default;Default;Default;Default;Default;Default;11111111;Empty;RyuJit;Default;X64;8c5e7fda-e8bf-4a96-9a85-a6e23a8c635c;.NET 8.0;False;True;False;True;Default;Default;False;False;False;Default;Default;Default;Default;Default;Default;Default;Default;25;Default;Default;Default;Default;Default;Default;Default;Default;16;Default;80;73.621 ns;0.4001 ns;0.4763 ns;baseline;;0.1644;0.0000;0.0000;344 B;
SliceSpan;Job-CPAQVT;False;Default;Default;Default;Default;Default;Default;11111111;Empty;RyuJit;Default;X64;8c5e7fda-e8bf-4a96-9a85-a6e23a8c635c;.NET 8.0;False;True;False;True;Default;Default;False;False;False;Default;Default;Default;Default;Default;Default;Default;Default;25;Default;Default;Default;Default;Default;Default;Default;Default;16;Default;80;23.152 ns;0.1644 ns;0.2019 ns;-69%;1.1%;0.0000;0.0000;0.0000;0 B;-100%
SliceArray;Job-CPAQVT;False;Default;Default;Default;Default;Default;Default;11111111;Empty;RyuJit;Default;X64;8c5e7fda-e8bf-4a96-9a85-a6e23a8c635c;.NET 8.0;False;True;False;True;Default;Default;False;False;False;Default;Default;Default;Default;Default;Default;Default;Default;25;Default;Default;Default;Default;Default;Default;Default;Default;16;Default;90;80.002 ns;0.5656 ns;0.7550 ns;baseline;;0.1836;0.0000;0.0000;384 B;
SliceSpan;Job-CPAQVT;False;Default;Default;Default;Default;Default;Default;11111111;Empty;RyuJit;Default;X64;8c5e7fda-e8bf-4a96-9a85-a6e23a8c635c;.NET 8.0;False;True;False;True;Default;Default;False;False;False;Default;Default;Default;Default;Default;Default;Default;Default;25;Default;Default;Default;Default;Default;Default;Default;Default;16;Default;90;25.850 ns;0.4018 ns;0.5363 ns;-68%;2.2%;0.0000;0.0000;0.0000;0 B;-100%
SliceArray;Job-CPAQVT;False;Default;Default;Default;Default;Default;Default;11111111;Empty;RyuJit;Default;X64;8c5e7fda-e8bf-4a96-9a85-a6e23a8c635c;.NET 8.0;False;True;False;True;Default;Default;False;False;False;Default;Default;Default;Default;Default;Default;Default;Default;25;Default;Default;Default;Default;Default;Default;Default;Default;16;Default;100;86.341 ns;0.9700 ns;1.2949 ns;baseline;;0.2027;0.0000;0.0000;424 B;
SliceSpan;Job-CPAQVT;False;Default;Default;Default;Default;Default;Default;11111111;Empty;RyuJit;Default;X64;8c5e7fda-e8bf-4a96-9a85-a6e23a8c635c;.NET 8.0;False;True;False;True;Default;Default;False;False;False;Default;Default;Default;Default;Default;Default;Default;Default;25;Default;Default;Default;Default;Default;Default;Default;Default;16;Default;100;27.903 ns;0.2806 ns;0.3549 ns;-68%;1.9%;0.0000;0.0000;0.0000;0 B;-100%
SliceArray;Job-CPAQVT;False;Default;Default;Default;Default;Default;Default;11111111;Empty;RyuJit;Default;X64;8c5e7fda-e8bf-4a96-9a85-a6e23a8c635c;.NET 8.0;False;True;False;True;Default;Default;False;False;False;Default;Default;Default;Default;Default;Default;Default;Default;25;Default;Default;Default;Default;Default;Default;Default;Default;16;Default;200;149.901 ns;1.3215 ns;1.6229 ns;baseline;;0.3939;0.0000;0.0000;824 B;
SliceSpan;Job-CPAQVT;False;Default;Default;Default;Default;Default;Default;11111111;Empty;RyuJit;Default;X64;8c5e7fda-e8bf-4a96-9a85-a6e23a8c635c;.NET 8.0;False;True;False;True;Default;Default;False;False;False;Default;Default;Default;Default;Default;Default;Default;Default;25;Default;Default;Default;Default;Default;Default;Default;Default;16;Default;200;51.600 ns;0.3228 ns;0.4083 ns;-66%;1.3%;0.0000;0.0000;0.0000;0 B;-100%
SliceArray;Job-CPAQVT;False;Default;Default;Default;Default;Default;Default;11111111;Empty;RyuJit;Default;X64;8c5e7fda-e8bf-4a96-9a85-a6e23a8c635c;.NET 8.0;False;True;False;True;Default;Default;False;False;False;Default;Default;Default;Default;Default;Default;Default;Default;25;Default;Default;Default;Default;Default;Default;Default;Default;16;Default;300;216.355 ns;1.3933 ns;1.8600 ns;baseline;;0.5851;0.0000;0.0000;1224 B;
SliceSpan;Job-CPAQVT;False;Default;Default;Default;Default;Default;Default;11111111;Empty;RyuJit;Default;X64;8c5e7fda-e8bf-4a96-9a85-a6e23a8c635c;.NET 8.0;False;True;False;True;Default;Default;False;False;False;Default;Default;Default;Default;Default;Default;Default;Default;25;Default;Default;Default;Default;Default;Default;Default;Default;16;Default;300;71.193 ns;0.6244 ns;0.7897 ns;-67%;1.4%;0.0000;0.0000;0.0000;0 B;-100%
SliceArray;Job-CPAQVT;False;Default;Default;Default;Default;Default;Default;11111111;Empty;RyuJit;Default;X64;8c5e7fda-e8bf-4a96-9a85-a6e23a8c635c;.NET 8.0;False;True;False;True;Default;Default;False;False;False;Default;Default;Default;Default;Default;Default;Default;Default;25;Default;Default;Default;Default;Default;Default;Default;Default;16;Default;400;274.963 ns;2.5172 ns;3.0913 ns;baseline;;0.7763;0.0000;0.0000;1624 B;
SliceSpan;Job-CPAQVT;False;Default;Default;Default;Default;Default;Default;11111111;Empty;RyuJit;Default;X64;8c5e7fda-e8bf-4a96-9a85-a6e23a8c635c;.NET 8.0;False;True;False;True;Default;Default;False;False;False;Default;Default;Default;Default;Default;Default;Default;Default;25;Default;Default;Default;Default;Default;Default;Default;Default;16;Default;400;91.718 ns;0.7438 ns;0.8854 ns;-67%;1.4%;0.0000;0.0000;0.0000;0 B;-100%
SliceArray;Job-CPAQVT;False;Default;Default;Default;Default;Default;Default;11111111;Empty;RyuJit;Default;X64;8c5e7fda-e8bf-4a96-9a85-a6e23a8c635c;.NET 8.0;False;True;False;True;Default;Default;False;False;False;Default;Default;Default;Default;Default;Default;Default;Default;25;Default;Default;Default;Default;Default;Default;Default;Default;16;Default;500;330.482 ns;2.4459 ns;3.0933 ns;baseline;;0.9670;0.0000;0.0000;2024 B;
SliceSpan;Job-CPAQVT;False;Default;Default;Default;Default;Default;Default;11111111;Empty;RyuJit;Default;X64;8c5e7fda-e8bf-4a96-9a85-a6e23a8c635c;.NET 8.0;False;True;False;True;Default;Default;False;False;False;Default;Default;Default;Default;Default;Default;Default;Default;25;Default;Default;Default;Default;Default;Default;Default;Default;16;Default;500;113.882 ns;1.8760 ns;2.5044 ns;-66%;2.3%;0.0000;0.0000;0.0000;0 B;-100%
SliceArray;Job-CPAQVT;False;Default;Default;Default;Default;Default;Default;11111111;Empty;RyuJit;Default;X64;8c5e7fda-e8bf-4a96-9a85-a6e23a8c635c;.NET 8.0;False;True;False;True;Default;Default;False;False;False;Default;Default;Default;Default;Default;Default;Default;Default;25;Default;Default;Default;Default;Default;Default;Default;Default;16;Default;600;403.404 ns;4.2973 ns;5.7367 ns;baseline;;1.1587;0.0000;0.0000;2424 B;
SliceSpan;Job-CPAQVT;False;Default;Default;Default;Default;Default;Default;11111111;Empty;RyuJit;Default;X64;8c5e7fda-e8bf-4a96-9a85-a6e23a8c635c;.NET 8.0;False;True;False;True;Default;Default;False;False;False;Default;Default;Default;Default;Default;Default;Default;Default;25;Default;Default;Default;Default;Default;Default;Default;Default;16;Default;600;133.703 ns;0.8070 ns;1.0493 ns;-67%;1.6%;0.0000;0.0000;0.0000;0 B;-100%
SliceArray;Job-CPAQVT;False;Default;Default;Default;Default;Default;Default;11111111;Empty;RyuJit;Default;X64;8c5e7fda-e8bf-4a96-9a85-a6e23a8c635c;.NET 8.0;False;True;False;True;Default;Default;False;False;False;Default;Default;Default;Default;Default;Default;Default;Default;25;Default;Default;Default;Default;Default;Default;Default;Default;16;Default;700;490.772 ns;3.9720 ns;4.7284 ns;baseline;;1.3494;0.0000;0.0000;2824 B;
SliceSpan;Job-CPAQVT;False;Default;Default;Default;Default;Default;Default;11111111;Empty;RyuJit;Default;X64;8c5e7fda-e8bf-4a96-9a85-a6e23a8c635c;.NET 8.0;False;True;False;True;Default;Default;False;False;False;Default;Default;Default;Default;Default;Default;Default;Default;25;Default;Default;Default;Default;Default;Default;Default;Default;16;Default;700;158.470 ns;1.0006 ns;1.3358 ns;-68%;1.3%;0.0000;0.0000;0.0000;0 B;-100%
SliceArray;Job-CPAQVT;False;Default;Default;Default;Default;Default;Default;11111111;Empty;RyuJit;Default;X64;8c5e7fda-e8bf-4a96-9a85-a6e23a8c635c;.NET 8.0;False;True;False;True;Default;Default;False;False;False;Default;Default;Default;Default;Default;Default;Default;Default;25;Default;Default;Default;Default;Default;Default;Default;Default;16;Default;800;566.555 ns;6.4604 ns;8.4003 ns;baseline;;1.5402;0.0000;0.0000;3224 B;
SliceSpan;Job-CPAQVT;False;Default;Default;Default;Default;Default;Default;11111111;Empty;RyuJit;Default;X64;8c5e7fda-e8bf-4a96-9a85-a6e23a8c635c;.NET 8.0;False;True;False;True;Default;Default;False;False;False;Default;Default;Default;Default;Default;Default;Default;Default;25;Default;Default;Default;Default;Default;Default;Default;Default;16;Default;800;182.711 ns;3.1088 ns;4.1501 ns;-68%;2.7%;0.0000;0.0000;0.0000;0 B;-100%
SliceArray;Job-CPAQVT;False;Default;Default;Default;Default;Default;Default;11111111;Empty;RyuJit;Default;X64;8c5e7fda-e8bf-4a96-9a85-a6e23a8c635c;.NET 8.0;False;True;False;True;Default;Default;False;False;False;Default;Default;Default;Default;Default;Default;Default;Default;25;Default;Default;Default;Default;Default;Default;Default;Default;16;Default;900;656.816 ns;4.1184 ns;4.7428 ns;baseline;;1.7328;0.0000;0.0000;3624 B;
SliceSpan;Job-CPAQVT;False;Default;Default;Default;Default;Default;Default;11111111;Empty;RyuJit;Default;X64;8c5e7fda-e8bf-4a96-9a85-a6e23a8c635c;.NET 8.0;False;True;False;True;Default;Default;False;False;False;Default;Default;Default;Default;Default;Default;Default;Default;25;Default;Default;Default;Default;Default;Default;Default;Default;16;Default;900;213.989 ns;2.7656 ns;3.4976 ns;-67%;1.7%;0.0000;0.0000;0.0000;0 B;-100%
SliceArray;Job-CPAQVT;False;Default;Default;Default;Default;Default;Default;11111111;Empty;RyuJit;Default;X64;8c5e7fda-e8bf-4a96-9a85-a6e23a8c635c;.NET 8.0;False;True;False;True;Default;Default;False;False;False;Default;Default;Default;Default;Default;Default;Default;Default;25;Default;Default;Default;Default;Default;Default;Default;Default;16;Default;1000;743.377 ns;6.3658 ns;8.0507 ns;baseline;;1.9226;0.0000;0.0000;4024 B;
SliceSpan;Job-CPAQVT;False;Default;Default;Default;Default;Default;Default;11111111;Empty;RyuJit;Default;X64;8c5e7fda-e8bf-4a96-9a85-a6e23a8c635c;.NET 8.0;False;True;False;True;Default;Default;False;False;False;Default;Default;Default;Default;Default;Default;Default;Default;25;Default;Default;Default;Default;Default;Default;Default;Default;16;Default;1000;309.531 ns;2.0006 ns;2.3816 ns;-58%;1.3%;0.0000;0.0000;0.0000;0 B;-100%
SliceArray;Job-CPAQVT;False;Default;Default;Default;Default;Default;Default;11111111;Empty;RyuJit;Default;X64;8c5e7fda-e8bf-4a96-9a85-a6e23a8c635c;.NET 8.0;False;True;False;True;Default;Default;False;False;False;Default;Default;Default;Default;Default;Default;Default;Default;25;Default;Default;Default;Default;Default;Default;Default;Default;16;Default;2000;"1,504.973 ns";10.7411 ns;13.9664 ns;baseline;;3.8300;0.0000;0.0000;8024 B;
SliceSpan;Job-CPAQVT;False;Default;Default;Default;Default;Default;Default;11111111;Empty;RyuJit;Default;X64;8c5e7fda-e8bf-4a96-9a85-a6e23a8c635c;.NET 8.0;False;True;False;True;Default;Default;False;False;False;Default;Default;Default;Default;Default;Default;Default;Default;25;Default;Default;Default;Default;Default;Default;Default;Default;16;Default;2000;701.418 ns;7.0882 ns;8.9643 ns;-53%;1.5%;0.0000;0.0000;0.0000;0 B;-100%
SliceArray;Job-CPAQVT;False;Default;Default;Default;Default;Default;Default;11111111;Empty;RyuJit;Default;X64;8c5e7fda-e8bf-4a96-9a85-a6e23a8c635c;.NET 8.0;False;True;False;True;Default;Default;False;False;False;Default;Default;Default;Default;Default;Default;Default;Default;25;Default;Default;Default;Default;Default;Default;Default;Default;16;Default;3000;"2,246.564 ns";12.8025 ns;17.0910 ns;baseline;;5.7106;0.0000;0.0000;12024 B;
SliceSpan;Job-CPAQVT;False;Default;Default;Default;Default;Default;Default;11111111;Empty;RyuJit;Default;X64;8c5e7fda-e8bf-4a96-9a85-a6e23a8c635c;.NET 8.0;False;True;False;True;Default;Default;False;False;False;Default;Default;Default;Default;Default;Default;Default;Default;25;Default;Default;Default;Default;Default;Default;Default;Default;16;Default;3000;"1,062.217 ns";5.6296 ns;7.3200 ns;-53%;1.0%;0.0000;0.0000;0.0000;0 B;-100%
SliceArray;Job-CPAQVT;False;Default;Default;Default;Default;Default;Default;11111111;Empty;RyuJit;Default;X64;8c5e7fda-e8bf-4a96-9a85-a6e23a8c635c;.NET 8.0;False;True;False;True;Default;Default;False;False;False;Default;Default;Default;Default;Default;Default;Default;Default;25;Default;Default;Default;Default;Default;Default;Default;Default;16;Default;4000;"2,997.681 ns";36.1743 ns;44.4253 ns;baseline;;7.6332;0.0000;0.0000;16024 B;
SliceSpan;Job-CPAQVT;False;Default;Default;Default;Default;Default;Default;11111111;Empty;RyuJit;Default;X64;8c5e7fda-e8bf-4a96-9a85-a6e23a8c635c;.NET 8.0;False;True;False;True;Default;Default;False;False;False;Default;Default;Default;Default;Default;Default;Default;Default;25;Default;Default;Default;Default;Default;Default;Default;Default;16;Default;4000;"1,420.525 ns";7.5378 ns;10.0628 ns;-53%;1.6%;0.0000;0.0000;0.0000;0 B;-100%
SliceArray;Job-CPAQVT;False;Default;Default;Default;Default;Default;Default;11111111;Empty;RyuJit;Default;X64;8c5e7fda-e8bf-4a96-9a85-a6e23a8c635c;.NET 8.0;False;True;False;True;Default;Default;False;False;False;Default;Default;Default;Default;Default;Default;Default;Default;25;Default;Default;Default;Default;Default;Default;Default;Default;16;Default;5000;"3,823.028 ns";19.0673 ns;24.1140 ns;baseline;;9.5215;0.0000;0.0000;20024 B;
SliceSpan;Job-CPAQVT;False;Default;Default;Default;Default;Default;Default;11111111;Empty;RyuJit;Default;X64;8c5e7fda-e8bf-4a96-9a85-a6e23a8c635c;.NET 8.0;False;True;False;True;Default;Default;False;False;False;Default;Default;Default;Default;Default;Default;Default;Default;25;Default;Default;Default;Default;Default;Default;Default;Default;16;Default;5000;"1,796.240 ns";19.3121 ns;25.7811 ns;-53%;1.5%;0.0000;0.0000;0.0000;0 B;-100%
SliceArray;Job-CPAQVT;False;Default;Default;Default;Default;Default;Default;11111111;Empty;RyuJit;Default;X64;8c5e7fda-e8bf-4a96-9a85-a6e23a8c635c;.NET 8.0;False;True;False;True;Default;Default;False;False;False;Default;Default;Default;Default;Default;Default;Default;Default;25;Default;Default;Default;Default;Default;Default;Default;Default;16;Default;6000;"4,683.725 ns";32.1748 ns;39.5135 ns;baseline;;11.3602;0.0000;0.0000;24024 B;
SliceSpan;Job-CPAQVT;False;Default;Default;Default;Default;Default;Default;11111111;Empty;RyuJit;Default;X64;8c5e7fda-e8bf-4a96-9a85-a6e23a8c635c;.NET 8.0;False;True;False;True;Default;Default;False;False;False;Default;Default;Default;Default;Default;Default;Default;Default;25;Default;Default;Default;Default;Default;Default;Default;Default;16;Default;6000;"2,139.062 ns";11.8814 ns;15.0262 ns;-54%;1.1%;0.0000;0.0000;0.0000;0 B;-100%
SliceArray;Job-CPAQVT;False;Default;Default;Default;Default;Default;Default;11111111;Empty;RyuJit;Default;X64;8c5e7fda-e8bf-4a96-9a85-a6e23a8c635c;.NET 8.0;False;True;False;True;Default;Default;False;False;False;Default;Default;Default;Default;Default;Default;Default;Default;25;Default;Default;Default;Default;Default;Default;Default;Default;16;Default;7000;"5,471.903 ns";20.0387 ns;23.8547 ns;baseline;;13.3286;0.0000;0.0000;28024 B;
SliceSpan;Job-CPAQVT;False;Default;Default;Default;Default;Default;Default;11111111;Empty;RyuJit;Default;X64;8c5e7fda-e8bf-4a96-9a85-a6e23a8c635c;.NET 8.0;False;True;False;True;Default;Default;False;False;False;Default;Default;Default;Default;Default;Default;Default;Default;25;Default;Default;Default;Default;Default;Default;Default;Default;16;Default;7000;"2,489.878 ns";17.6933 ns;21.7289 ns;-54%;1.0%;0.0000;0.0000;0.0000;0 B;-100%
SliceArray;Job-CPAQVT;False;Default;Default;Default;Default;Default;Default;11111111;Empty;RyuJit;Default;X64;8c5e7fda-e8bf-4a96-9a85-a6e23a8c635c;.NET 8.0;False;True;False;True;Default;Default;False;False;False;Default;Default;Default;Default;Default;Default;Default;Default;25;Default;Default;Default;Default;Default;Default;Default;Default;16;Default;8000;"6,533.503 ns";56.2412 ns;75.0805 ns;baseline;;15.1443;0.0000;0.0000;32024 B;
SliceSpan;Job-CPAQVT;False;Default;Default;Default;Default;Default;Default;11111111;Empty;RyuJit;Default;X64;8c5e7fda-e8bf-4a96-9a85-a6e23a8c635c;.NET 8.0;False;True;False;True;Default;Default;False;False;False;Default;Default;Default;Default;Default;Default;Default;Default;25;Default;Default;Default;Default;Default;Default;Default;Default;16;Default;8000;"2,875.250 ns";22.3923 ns;26.6565 ns;-56%;1.5%;0.0000;0.0000;0.0000;0 B;-100%
SliceArray;Job-CPAQVT;False;Default;Default;Default;Default;Default;Default;11111111;Empty;RyuJit;Default;X64;8c5e7fda-e8bf-4a96-9a85-a6e23a8c635c;.NET 8.0;False;True;False;True;Default;Default;False;False;False;Default;Default;Default;Default;Default;Default;Default;Default;25;Default;Default;Default;Default;Default;Default;Default;Default;16;Default;9000;"7,597.828 ns";109.8959 ns;146.7079 ns;baseline;;16.9449;0.0000;0.0000;36024 B;
SliceSpan;Job-CPAQVT;False;Default;Default;Default;Default;Default;Default;11111111;Empty;RyuJit;Default;X64;8c5e7fda-e8bf-4a96-9a85-a6e23a8c635c;.NET 8.0;False;True;False;True;Default;Default;False;False;False;Default;Default;Default;Default;Default;Default;Default;Default;25;Default;Default;Default;Default;Default;Default;Default;Default;16;Default;9000;"3,331.054 ns";45.5157 ns;57.5628 ns;-56%;2.6%;0.0000;0.0000;0.0000;0 B;-100%
SliceArray;Job-CPAQVT;False;Default;Default;Default;Default;Default;Default;11111111;Empty;RyuJit;Default;X64;8c5e7fda-e8bf-4a96-9a85-a6e23a8c635c;.NET 8.0;False;True;False;True;Default;Default;False;False;False;Default;Default;Default;Default;Default;Default;Default;Default;25;Default;Default;Default;Default;Default;Default;Default;Default;16;Default;10000;"8,680.048 ns";142.9390 ns;190.8195 ns;baseline;;18.8599;0.0000;0.0000;40024 B;
SliceSpan;Job-CPAQVT;False;Default;Default;Default;Default;Default;Default;11111111;Empty;RyuJit;Default;X64;8c5e7fda-e8bf-4a96-9a85-a6e23a8c635c;.NET 8.0;False;True;False;True;Default;Default;False;False;False;Default;Default;Default;Default;Default;Default;Default;Default;25;Default;Default;Default;Default;Default;Default;Default;Default;16;Default;10000;"3,785.600 ns";20.2033 ns;24.0506 ns;-56%;2.3%;0.0000;0.0000;0.0000;0 B;-100%
SliceArray;Job-CPAQVT;False;Default;Default;Default;Default;Default;Default;11111111;Empty;RyuJit;Default;X64;8c5e7fda-e8bf-4a96-9a85-a6e23a8c635c;.NET 8.0;False;True;False;True;Default;Default;False;False;False;Default;Default;Default;Default;Default;Default;Default;Default;25;Default;Default;Default;Default;Default;Default;Default;Default;16;Default;20000;"22,207.982 ns";287.7507 ns;374.1572 ns;baseline;;37.0178;0.0000;0.0000;80024 B;
SliceSpan;Job-CPAQVT;False;Default;Default;Default;Default;Default;Default;11111111;Empty;RyuJit;Default;X64;8c5e7fda-e8bf-4a96-9a85-a6e23a8c635c;.NET 8.0;False;True;False;True;Default;Default;False;False;False;Default;Default;Default;Default;Default;Default;Default;Default;25;Default;Default;Default;Default;Default;Default;Default;Default;16;Default;20000;"11,876.063 ns";153.7744 ns;205.2844 ns;-47%;2.4%;0.0000;0.0000;0.0000;0 B;-100%
SliceArray;Job-CPAQVT;False;Default;Default;Default;Default;Default;Default;11111111;Empty;RyuJit;Default;X64;8c5e7fda-e8bf-4a96-9a85-a6e23a8c635c;.NET 8.0;False;True;False;True;Default;Default;False;False;False;Default;Default;Default;Default;Default;Default;Default;Default;25;Default;Default;Default;Default;Default;Default;Default;Default;16;Default;30000;"50,543.481 ns";866.1508 ns;"1,156.2865 ns";baseline;;6.7139;6.7139;6.7139;120016 B;
SliceSpan;Job-CPAQVT;False;Default;Default;Default;Default;Default;Default;11111111;Empty;RyuJit;Default;X64;8c5e7fda-e8bf-4a96-9a85-a6e23a8c635c;.NET 8.0;False;True;False;True;Default;Default;False;False;False;Default;Default;Default;Default;Default;Default;Default;Default;25;Default;Default;Default;Default;Default;Default;Default;Default;16;Default;30000;"19,871.541 ns";190.0299 ns;240.3270 ns;-61%;2.5%;0.0000;0.0000;0.0000;0 B;-100%
SliceArray;Job-CPAQVT;False;Default;Default;Default;Default;Default;Default;11111111;Empty;RyuJit;Default;X64;8c5e7fda-e8bf-4a96-9a85-a6e23a8c635c;.NET 8.0;False;True;False;True;Default;Default;False;False;False;Default;Default;Default;Default;Default;Default;Default;Default;25;Default;Default;Default;Default;Default;Default;Default;Default;16;Default;40000;"69,896.257 ns";"1,529.9491 ns";"2,042.4383 ns";baseline;;7.3242;7.3242;7.3242;160017 B;
SliceSpan;Job-CPAQVT;False;Default;Default;Default;Default;Default;Default;11111111;Empty;RyuJit;Default;X64;8c5e7fda-e8bf-4a96-9a85-a6e23a8c635c;.NET 8.0;False;True;False;True;Default;Default;False;False;False;Default;Default;Default;Default;Default;Default;Default;Default;25;Default;Default;Default;Default;Default;Default;Default;Default;16;Default;40000;"26,915.689 ns";209.5949 ns;265.0704 ns;-61%;3.0%;0.0000;0.0000;0.0000;0 B;-100%
SliceArray;Job-CPAQVT;False;Default;Default;Default;Default;Default;Default;11111111;Empty;RyuJit;Default;X64;8c5e7fda-e8bf-4a96-9a85-a6e23a8c635c;.NET 8.0;False;True;False;True;Default;Default;False;False;False;Default;Default;Default;Default;Default;Default;Default;Default;25;Default;Default;Default;Default;Default;Default;Default;Default;16;Default;50000;"90,772.877 ns";"2,336.7201 ns";"3,119.4545 ns";baseline;;7.8125;7.8125;7.8125;200017 B;
SliceSpan;Job-CPAQVT;False;Default;Default;Default;Default;Default;Default;11111111;Empty;RyuJit;Default;X64;8c5e7fda-e8bf-4a96-9a85-a6e23a8c635c;.NET 8.0;False;True;False;True;Default;Default;False;False;False;Default;Default;Default;Default;Default;Default;Default;Default;25;Default;Default;Default;Default;Default;Default;Default;Default;16;Default;50000;"35,150.368 ns";455.4831 ns;576.0404 ns;-61%;3.7%;0.0000;0.0000;0.0000;0 B;-100%
SliceArray;Job-CPAQVT;False;Default;Default;Default;Default;Default;Default;11111111;Empty;RyuJit;Default;X64;8c5e7fda-e8bf-4a96-9a85-a6e23a8c635c;.NET 8.0;False;True;False;True;Default;Default;False;False;False;Default;Default;Default;Default;Default;Default;Default;Default;25;Default;Default;Default;Default;Default;Default;Default;Default;16;Default;60000;"137,617.803 ns";"4,396.3268 ns";"5,399.0846 ns";baseline;;9.5215;9.5215;9.5215;240021 B;
SliceSpan;Job-CPAQVT;False;Default;Default;Default;Default;Default;Default;11111111;Empty;RyuJit;Default;X64;8c5e7fda-e8bf-4a96-9a85-a6e23a8c635c;.NET 8.0;False;True;False;True;Default;Default;False;False;False;Default;Default;Default;Default;Default;Default;Default;Default;25;Default;Default;Default;Default;Default;Default;Default;Default;16;Default;60000;"47,082.528 ns";623.4464 ns;832.2831 ns;-66%;4.1%;0.0000;0.0000;0.0000;0 B;-100%
SliceArray;Job-CPAQVT;False;Default;Default;Default;Default;Default;Default;11111111;Empty;RyuJit;Default;X64;8c5e7fda-e8bf-4a96-9a85-a6e23a8c635c;.NET 8.0;False;True;False;True;Default;Default;False;False;False;Default;Default;Default;Default;Default;Default;Default;Default;25;Default;Default;Default;Default;Default;Default;Default;Default;16;Default;70000;"204,044.730 ns";"1,957.3441 ns";"2,545.1005 ns";baseline;;10.4980;10.4980;10.4980;280023 B;
SliceSpan;Job-CPAQVT;False;Default;Default;Default;Default;Default;Default;11111111;Empty;RyuJit;Default;X64;8c5e7fda-e8bf-4a96-9a85-a6e23a8c635c;.NET 8.0;False;True;False;True;Default;Default;False;False;False;Default;Default;Default;Default;Default;Default;Default;Default;25;Default;Default;Default;Default;Default;Default;Default;Default;16;Default;70000;"82,919.509 ns";662.1991 ns;884.0168 ns;-59%;1.6%;0.0000;0.0000;0.0000;0 B;-100%
SliceArray;Job-CPAQVT;False;Default;Default;Default;Default;Default;Default;11111111;Empty;RyuJit;Default;X64;8c5e7fda-e8bf-4a96-9a85-a6e23a8c635c;.NET 8.0;False;True;False;True;Default;Default;False;False;False;Default;Default;Default;Default;Default;Default;Default;Default;25;Default;Default;Default;Default;Default;Default;Default;Default;16;Default;80000;"269,785.396 ns";"5,516.8125 ns";"7,173.4151 ns";baseline;;10.7422;10.7422;10.7422;320022 B;
SliceSpan;Job-CPAQVT;False;Default;Default;Default;Default;Default;Default;11111111;Empty;RyuJit;Default;X64;8c5e7fda-e8bf-4a96-9a85-a6e23a8c635c;.NET 8.0;False;True;False;True;Default;Default;False;False;False;Default;Default;Default;Default;Default;Default;Default;Default;25;Default;Default;Default;Default;Default;Default;Default;Default;16;Default;80000;"129,506.718 ns";"1,062.1950 ns";"1,304.4710 ns";-52%;2.7%;0.0000;0.0000;0.0000;0 B;-100%
SliceArray;Job-CPAQVT;False;Default;Default;Default;Default;Default;Default;11111111;Empty;RyuJit;Default;X64;8c5e7fda-e8bf-4a96-9a85-a6e23a8c635c;.NET 8.0;False;True;False;True;Default;Default;False;False;False;Default;Default;Default;Default;Default;Default;Default;Default;25;Default;Default;Default;Default;Default;Default;Default;Default;16;Default;90000;"339,509.500 ns";"11,729.0704 ns";"15,657.9734 ns";baseline;;11.2305;11.2305;11.2305;360022 B;
SliceSpan;Job-CPAQVT;False;Default;Default;Default;Default;Default;Default;11111111;Empty;RyuJit;Default;X64;8c5e7fda-e8bf-4a96-9a85-a6e23a8c635c;.NET 8.0;False;True;False;True;Default;Default;False;False;False;Default;Default;Default;Default;Default;Default;Default;Default;25;Default;Default;Default;Default;Default;Default;Default;Default;16;Default;90000;"159,300.018 ns";997.6189 ns;"1,225.1657 ns";-53%;4.5%;0.0000;0.0000;0.0000;0 B;-100%
SliceArray;Job-CPAQVT;False;Default;Default;Default;Default;Default;Default;11111111;Empty;RyuJit;Default;X64;8c5e7fda-e8bf-4a96-9a85-a6e23a8c635c;.NET 8.0;False;True;False;True;Default;Default;False;False;False;Default;Default;Default;Default;Default;Default;Default;Default;25;Default;Default;Default;Default;Default;Default;Default;Default;16;Default;100000;"557,752.352 ns";"31,931.0974 ns";"42,627.1015 ns";baseline;;12.6953;12.6953;12.6953;400025 B;
SliceSpan;Job-CPAQVT;False;Default;Default;Default;Default;Default;Default;11111111;Empty;RyuJit;Default;X64;8c5e7fda-e8bf-4a96-9a85-a6e23a8c635c;.NET 8.0;False;True;False;True;Default;Default;False;False;False;Default;Default;Default;Default;Default;Default;Default;Default;25;Default;Default;Default;Default;Default;Default;Default;Default;16;Default;100000;"188,037.273 ns";"1,002.1248 ns";"1,154.0484 ns";-66%;8.4%;0.0000;0.0000;0.0000;0 B;-100%
SliceArray;Job-CPAQVT;False;Default;Default;Default;Default;Default;Default;11111111;Empty;RyuJit;Default;X64;8c5e7fda-e8bf-4a96-9a85-a6e23a8c635c;.NET 8.0;False;True;False;True;Default;Default;False;False;False;Default;Default;Default;Default;Default;Default;Default;Default;25;Default;Default;Default;Default;Default;Default;Default;Default;16;Default;200000;"1,530,582.449 ns";"12,203.5704 ns";"14,987.0818 ns";baseline;;15.6250;15.6250;15.6250;800030 B;
SliceSpan;Job-CPAQVT;False;Default;Default;Default;Default;Default;Default;11111111;Empty;RyuJit;Default;X64;8c5e7fda-e8bf-4a96-9a85-a6e23a8c635c;.NET 8.0;False;True;False;True;Default;Default;False;False;False;Default;Default;Default;Default;Default;Default;Default;Default;25;Default;Default;Default;Default;Default;Default;Default;Default;16;Default;200000;"495,180.322 ns";"1,543.8674 ns";"1,952.4981 ns";-68%;1.0%;0.0000;0.0000;0.0000;0 B;-100%
SliceArray;Job-CPAQVT;False;Default;Default;Default;Default;Default;Default;11111111;Empty;RyuJit;Default;X64;8c5e7fda-e8bf-4a96-9a85-a6e23a8c635c;.NET 8.0;False;True;False;True;Default;Default;False;False;False;Default;Default;Default;Default;Default;Default;Default;Default;25;Default;Default;Default;Default;Default;Default;Default;Default;16;Default;300000;"2,037,110.938 ns";"38,529.0886 ns";"51,435.2310 ns";baseline;;15.6250;15.6250;15.6250;1200031 B;
SliceSpan;Job-CPAQVT;False;Default;Default;Default;Default;Default;Default;11111111;Empty;RyuJit;Default;X64;8c5e7fda-e8bf-4a96-9a85-a6e23a8c635c;.NET 8.0;False;True;False;True;Default;Default;False;False;False;Default;Default;Default;Default;Default;Default;Default;Default;25;Default;Default;Default;Default;Default;Default;Default;Default;16;Default;300000;"740,008.684 ns";"3,090.3046 ns";"3,678.7881 ns";-64%;2.5%;0.0000;0.0000;0.0000;0 B;-100%
SliceArray;Job-CPAQVT;False;Default;Default;Default;Default;Default;Default;11111111;Empty;RyuJit;Default;X64;8c5e7fda-e8bf-4a96-9a85-a6e23a8c635c;.NET 8.0;False;True;False;True;Default;Default;False;False;False;Default;Default;Default;Default;Default;Default;Default;Default;25;Default;Default;Default;Default;Default;Default;Default;Default;16;Default;400000;"2,561,466.578 ns";"33,565.9601 ns";"44,809.5964 ns";baseline;;15.6250;15.6250;15.6250;1600031 B;
SliceSpan;Job-CPAQVT;False;Default;Default;Default;Default;Default;Default;11111111;Empty;RyuJit;Default;X64;8c5e7fda-e8bf-4a96-9a85-a6e23a8c635c;.NET 8.0;False;True;False;True;Default;Default;False;False;False;Default;Default;Default;Default;Default;Default;Default;Default;25;Default;Default;Default;Default;Default;Default;Default;Default;16;Default;400000;"971,931.042 ns";"5,073.4589 ns";"6,596.9303 ns";-62%;1.8%;0.0000;0.0000;0.0000;0 B;-100%
SliceArray;Job-CPAQVT;False;Default;Default;Default;Default;Default;Default;11111111;Empty;RyuJit;Default;X64;8c5e7fda-e8bf-4a96-9a85-a6e23a8c635c;.NET 8.0;False;True;False;True;Default;Default;False;False;False;Default;Default;Default;Default;Default;Default;Default;Default;25;Default;Default;Default;Default;Default;Default;Default;Default;16;Default;500000;"2,847,748.865 ns";"37,962.9693 ns";"45,192.2185 ns";baseline;;15.6250;15.6250;15.6250;2000031 B;
SliceSpan;Job-CPAQVT;False;Default;Default;Default;Default;Default;Default;11111111;Empty;RyuJit;Default;X64;8c5e7fda-e8bf-4a96-9a85-a6e23a8c635c;.NET 8.0;False;True;False;True;Default;Default;False;False;False;Default;Default;Default;Default;Default;Default;Default;Default;25;Default;Default;Default;Default;Default;Default;Default;Default;16;Default;500000;"1,215,541.950 ns";"7,132.8278 ns";"9,020.7440 ns";-57%;1.7%;0.0000;0.0000;0.0000;1 B;-100.0%
SliceArray;Job-CPAQVT;False;Default;Default;Default;Default;Default;Default;11111111;Empty;RyuJit;Default;X64;8c5e7fda-e8bf-4a96-9a85-a6e23a8c635c;.NET 8.0;False;True;False;True;Default;Default;False;False;False;Default;Default;Default;Default;Default;Default;Default;Default;25;Default;Default;Default;Default;Default;Default;Default;Default;16;Default;600000;"3,315,736.953 ns";"37,621.5282 ns";"50,223.6638 ns";baseline;;15.6250;15.6250;15.6250;2400032 B;
SliceSpan;Job-CPAQVT;False;Default;Default;Default;Default;Default;Default;11111111;Empty;RyuJit;Default;X64;8c5e7fda-e8bf-4a96-9a85-a6e23a8c635c;.NET 8.0;False;True;False;True;Default;Default;False;False;False;Default;Default;Default;Default;Default;Default;Default;Default;25;Default;Default;Default;Default;Default;Default;Default;Default;16;Default;600000;"1,455,276.562 ns";"9,460.4235 ns";"10,894.6378 ns";-56%;1.7%;0.0000;0.0000;0.0000;1 B;-100.0%
SliceArray;Job-CPAQVT;False;Default;Default;Default;Default;Default;Default;11111111;Empty;RyuJit;Default;X64;8c5e7fda-e8bf-4a96-9a85-a6e23a8c635c;.NET 8.0;False;True;False;True;Default;Default;False;False;False;Default;Default;Default;Default;Default;Default;Default;Default;25;Default;Default;Default;Default;Default;Default;Default;Default;16;Default;700000;"3,874,704.129 ns";"29,805.7093 ns";"35,481.5798 ns";baseline;;15.6250;15.6250;15.6250;2800032 B;
SliceSpan;Job-CPAQVT;False;Default;Default;Default;Default;Default;Default;11111111;Empty;RyuJit;Default;X64;8c5e7fda-e8bf-4a96-9a85-a6e23a8c635c;.NET 8.0;False;True;False;True;Default;Default;False;False;False;Default;Default;Default;Default;Default;Default;Default;Default;25;Default;Default;Default;Default;Default;Default;Default;Default;16;Default;700000;"1,696,896.187 ns";"4,412.6501 ns";"5,580.5900 ns";-56%;0.9%;0.0000;0.0000;0.0000;1 B;-100.0%
SliceArray;Job-CPAQVT;False;Default;Default;Default;Default;Default;Default;11111111;Empty;RyuJit;Default;X64;8c5e7fda-e8bf-4a96-9a85-a6e23a8c635c;.NET 8.0;False;True;False;True;Default;Default;False;False;False;Default;Default;Default;Default;Default;Default;Default;Default;25;Default;Default;Default;Default;Default;Default;Default;Default;16;Default;800000;"4,493,004.518 ns";"42,547.6169 ns";"53,809.1168 ns";baseline;;15.6250;15.6250;15.6250;3200032 B;
SliceSpan;Job-CPAQVT;False;Default;Default;Default;Default;Default;Default;11111111;Empty;RyuJit;Default;X64;8c5e7fda-e8bf-4a96-9a85-a6e23a8c635c;.NET 8.0;False;True;False;True;Default;Default;False;False;False;Default;Default;Default;Default;Default;Default;Default;Default;25;Default;Default;Default;Default;Default;Default;Default;Default;16;Default;800000;"1,954,206.658 ns";"14,510.1765 ns";"18,350.7289 ns";-56%;1.5%;0.0000;0.0000;0.0000;1 B;-100.0%
SliceArray;Job-CPAQVT;False;Default;Default;Default;Default;Default;Default;11111111;Empty;RyuJit;Default;X64;8c5e7fda-e8bf-4a96-9a85-a6e23a8c635c;.NET 8.0;False;True;False;True;Default;Default;False;False;False;Default;Default;Default;Default;Default;Default;Default;Default;25;Default;Default;Default;Default;Default;Default;Default;Default;16;Default;900000;"4,669,336.094 ns";"32,069.4107 ns";"42,811.7458 ns";baseline;;15.6250;15.6250;15.6250;3600032 B;
SliceSpan;Job-CPAQVT;False;Default;Default;Default;Default;Default;Default;11111111;Empty;RyuJit;Default;X64;8c5e7fda-e8bf-4a96-9a85-a6e23a8c635c;.NET 8.0;False;True;False;True;Default;Default;False;False;False;Default;Default;Default;Default;Default;Default;Default;Default;25;Default;Default;Default;Default;Default;Default;Default;Default;16;Default;900000;"2,184,857.124 ns";"8,874.0606 ns";"10,563.9389 ns";-53%;1.0%;0.0000;0.0000;0.0000;2 B;-100.0%
SliceArray;Job-CPAQVT;False;Default;Default;Default;Default;Default;Default;11111111;Empty;RyuJit;Default;X64;8c5e7fda-e8bf-4a96-9a85-a6e23a8c635c;.NET 8.0;False;True;False;True;Default;Default;False;False;False;Default;Default;Default;Default;Default;Default;Default;Default;25;Default;Default;Default;Default;Default;Default;Default;Default;16;Default;1000000;"5,207,343.648 ns";"24,861.4892 ns";"31,441.8263 ns";baseline;;15.6250;15.6250;15.6250;4000032 B;
SliceSpan;Job-CPAQVT;False;Default;Default;Default;Default;Default;Default;11111111;Empty;RyuJit;Default;X64;8c5e7fda-e8bf-4a96-9a85-a6e23a8c635c;.NET 8.0;False;True;False;True;Default;Default;False;False;False;Default;Default;Default;Default;Default;Default;Default;Default;25;Default;Default;Default;Default;Default;Default;Default;Default;16;Default;1000000;"2,413,872.834 ns";"4,432.4551 ns";"5,443.4534 ns";-54%;0.6%;0.0000;0.0000;0.0000;0 B;-100%
